{
  "id": "r1680",
  "parent_ids": [],
  "generation": 0,
  "win_score": 9529,
  "loss_score": -14538,
  "center_column_value": 59,
  "adjacent_center_value": 95,
  "outer_column_value": 16,
  "edge_column_value": 9,
  "row_height_weight": 1.3753800633017654,
  "center_control_weight": 0.4455036850568086,
  "piece_count_weight": 1.7036557627323985,
  "threat_weight": 3.728699933004969,
  "mobility_weight": 1.7830549810427718,
  "vertical_control_weight": 1.9755555511361707,
  "horizontal_control_weight": 2.35026053724156,
  "defensive_weight": 2.546005907291228
}