{
  "id": "r5451",
  "parent_ids": [],
  "generation": 0,
  "win_score": 10225,
  "loss_score": -9180,
  "center_column_value": 66,
  "adjacent_center_value": 31,
  "outer_column_value": 17,
  "edge_column_value": 1,
  "row_height_weight": 0.7488576606540224,
  "center_control_weight": 2.9873452880436417,
  "piece_count_weight": 0.2864535216357873,
  "threat_weight": 3.030245632330886,
  "mobility_weight": 0.4669991086973382,
  "vertical_control_weight": 2.1308210015308493,
  "horizontal_control_weight": 2.5459967548079483,
  "defensive_weight": 0.7173983449884587
}