{
  "id": "r4034",
  "parent_ids": [],
  "generation": 0,
  "win_score": 12600,
  "loss_score": -10524,
  "center_column_value": 92,
  "adjacent_center_value": 84,
  "outer_column_value": 15,
  "edge_column_value": 4,
  "row_height_weight": 1.2833063183833662,
  "center_control_weight": 2.7331938605959545,
  "piece_count_weight": 1.884650865991163,
  "threat_weight": 2.451268032450522,
  "mobility_weight": 1.2282902343576758,
  "vertical_control_weight": 1.7640010113437727,
  "horizontal_control_weight": 0.6241950879054537,
  "defensive_weight": 2.3426166204595633
}